bvh/pass-bottle-hold-training0-lines.txt;15;27;9;training_first
bvh/pass-bottle-hold-training0-lines.txt;15;27;16;training_first
bvh/pass-bottle-hold-training0-lines.txt;15;27;9;model_first
bvh/pass-bottle-hold-training0-lines.txt;15;27;16;model_first
bvh/pass-bottle-hold-training0-lines.txt;28;40;9;training_first
bvh/pass-bottle-hold-training0-lines.txt;28;40;16;training_first
bvh/pass-bottle-hold-training0-lines.txt;28;40;9;model_first
bvh/pass-bottle-hold-training0-lines.txt;28;40;16;model_first
bvh/pass-bottle-hold-training0-lines.txt;42;54;9;training_first
bvh/pass-bottle-hold-training0-lines.txt;42;54;16;training_first
bvh/pass-bottle-hold-training0-lines.txt;42;54;9;model_first
bvh/pass-bottle-hold-training0-lines.txt;42;54;16;model_first
bvh/pass-bottle-hold-training1-lines.txt;13;25;9;training_first
bvh/pass-bottle-hold-training1-lines.txt;13;25;16;training_first
bvh/pass-bottle-hold-training1-lines.txt;13;25;9;model_first
bvh/pass-bottle-hold-training1-lines.txt;13;25;16;model_first
bvh/pass-bottle-hold-training1-lines.txt;26;38;9;training_first
bvh/pass-bottle-hold-training1-lines.txt;26;38;16;training_first
bvh/pass-bottle-hold-training1-lines.txt;26;38;9;model_first
bvh/pass-bottle-hold-training1-lines.txt;26;38;16;model_first
bvh/pass-bottle-hold-training1-lines.txt;40;52;9;training_first
bvh/pass-bottle-hold-training1-lines.txt;40;52;16;training_first
bvh/pass-bottle-hold-training1-lines.txt;40;52;9;model_first
bvh/pass-bottle-hold-training1-lines.txt;40;52;16;model_first
bvh/pass-bottle-hold-training2-lines.txt;13;25;9;training_first
bvh/pass-bottle-hold-training2-lines.txt;13;25;16;training_first
bvh/pass-bottle-hold-training2-lines.txt;13;25;9;model_first
bvh/pass-bottle-hold-training2-lines.txt;13;25;16;model_first
bvh/pass-bottle-hold-training2-lines.txt;26;38;9;training_first
bvh/pass-bottle-hold-training2-lines.txt;26;38;16;training_first
bvh/pass-bottle-hold-training2-lines.txt;26;38;9;model_first
bvh/pass-bottle-hold-training2-lines.txt;26;38;16;model_first
bvh/pass-bottle-hold-training2-lines.txt;40;52;9;training_first
bvh/pass-bottle-hold-training2-lines.txt;40;52;16;training_first
bvh/pass-bottle-hold-training2-lines.txt;40;52;9;model_first
bvh/pass-bottle-hold-training2-lines.txt;40;52;16;model_first
bvh/pass-bottle-hold-training3-lines.txt;19;31;9;training_first
bvh/pass-bottle-hold-training3-lines.txt;19;31;16;training_first
bvh/pass-bottle-hold-training3-lines.txt;19;31;9;model_first
bvh/pass-bottle-hold-training3-lines.txt;19;31;16;model_first
bvh/pass-bottle-hold-training3-lines.txt;32;44;9;training_first
bvh/pass-bottle-hold-training3-lines.txt;32;44;16;training_first
bvh/pass-bottle-hold-training3-lines.txt;32;44;9;model_first
bvh/pass-bottle-hold-training3-lines.txt;32;44;16;model_first
bvh/pass-bottle-hold-training3-lines.txt;46;58;9;training_first
bvh/pass-bottle-hold-training3-lines.txt;46;58;16;training_first
bvh/pass-bottle-hold-training3-lines.txt;46;58;9;model_first
bvh/pass-bottle-hold-training3-lines.txt;46;58;16;model_first
bvh/pass-bottle-hold-training4-lines.txt;23;35;9;training_first
bvh/pass-bottle-hold-training4-lines.txt;23;35;16;training_first
bvh/pass-bottle-hold-training4-lines.txt;23;35;9;model_first
bvh/pass-bottle-hold-training4-lines.txt;23;35;16;model_first
bvh/pass-bottle-hold-training4-lines.txt;36;48;9;training_first
bvh/pass-bottle-hold-training4-lines.txt;36;48;16;training_first
bvh/pass-bottle-hold-training4-lines.txt;36;48;9;model_first
bvh/pass-bottle-hold-training4-lines.txt;36;48;16;model_first
bvh/pass-bottle-hold-training4-lines.txt;50;62;9;training_first
bvh/pass-bottle-hold-training4-lines.txt;50;62;16;training_first
bvh/pass-bottle-hold-training4-lines.txt;50;62;9;model_first
bvh/pass-bottle-hold-training4-lines.txt;50;62;16;model_first
bvh/pass-bottle-training0-lines.txt;54;66;9;training_first
bvh/pass-bottle-training0-lines.txt;54;66;16;training_first
bvh/pass-bottle-training0-lines.txt;54;66;24;training_first
bvh/pass-bottle-training0-lines.txt;54;66;9;model_first
bvh/pass-bottle-training0-lines.txt;54;66;16;model_first
bvh/pass-bottle-training0-lines.txt;54;66;24;model_first
bvh/pass-bottle-training0-lines.txt;76;88;9;training_first
bvh/pass-bottle-training0-lines.txt;76;88;16;training_first
bvh/pass-bottle-training0-lines.txt;76;88;24;training_first
bvh/pass-bottle-training0-lines.txt;76;88;9;model_first
bvh/pass-bottle-training0-lines.txt;76;88;16;model_first
bvh/pass-bottle-training0-lines.txt;76;88;24;model_first
bvh/pass-bottle-training0-lines.txt;98;110;9;training_first
bvh/pass-bottle-training0-lines.txt;98;110;16;training_first
bvh/pass-bottle-training0-lines.txt;98;110;24;training_first
bvh/pass-bottle-training0-lines.txt;98;110;9;model_first
bvh/pass-bottle-training0-lines.txt;98;110;16;model_first
bvh/pass-bottle-training0-lines.txt;98;110;24;model_first
bvh/pass-bottle-training1-lines.txt;26;38;9;training_first
bvh/pass-bottle-training1-lines.txt;26;38;16;training_first
bvh/pass-bottle-training1-lines.txt;26;38;24;training_first
bvh/pass-bottle-training1-lines.txt;26;38;9;model_first
bvh/pass-bottle-training1-lines.txt;26;38;16;model_first
bvh/pass-bottle-training1-lines.txt;26;38;24;model_first
bvh/pass-bottle-training1-lines.txt;55;67;9;training_first
bvh/pass-bottle-training1-lines.txt;55;67;16;training_first
bvh/pass-bottle-training1-lines.txt;55;67;24;training_first
bvh/pass-bottle-training1-lines.txt;55;67;9;model_first
bvh/pass-bottle-training1-lines.txt;55;67;16;model_first
bvh/pass-bottle-training1-lines.txt;55;67;24;model_first
bvh/pass-bottle-training1-lines.txt;85;97;9;training_first
bvh/pass-bottle-training1-lines.txt;85;97;16;training_first
bvh/pass-bottle-training1-lines.txt;85;97;24;training_first
bvh/pass-bottle-training1-lines.txt;85;97;9;model_first
bvh/pass-bottle-training1-lines.txt;85;97;16;model_first
bvh/pass-bottle-training1-lines.txt;85;97;24;model_first
bvh/pass-bottle-training2-lines.txt;38;50;9;training_first
bvh/pass-bottle-training2-lines.txt;38;50;16;training_first
bvh/pass-bottle-training2-lines.txt;38;50;24;training_first
bvh/pass-bottle-training2-lines.txt;38;50;9;model_first
bvh/pass-bottle-training2-lines.txt;38;50;16;model_first
bvh/pass-bottle-training2-lines.txt;38;50;24;model_first
bvh/pass-bottle-training2-lines.txt;65;77;9;training_first
bvh/pass-bottle-training2-lines.txt;65;77;16;training_first
bvh/pass-bottle-training2-lines.txt;65;77;24;training_first
bvh/pass-bottle-training2-lines.txt;65;77;9;model_first
bvh/pass-bottle-training2-lines.txt;65;77;16;model_first
bvh/pass-bottle-training2-lines.txt;65;77;24;model_first
bvh/pass-bottle-training2-lines.txt;92;104;9;training_first
bvh/pass-bottle-training2-lines.txt;92;104;16;training_first
bvh/pass-bottle-training2-lines.txt;92;104;24;training_first
bvh/pass-bottle-training2-lines.txt;92;104;9;model_first
bvh/pass-bottle-training2-lines.txt;92;104;16;model_first
bvh/pass-bottle-training2-lines.txt;92;104;24;model_first
bvh/pass-bottle-training3-lines.txt;45;57;9;training_first
bvh/pass-bottle-training3-lines.txt;45;57;16;training_first
bvh/pass-bottle-training3-lines.txt;45;57;24;training_first
bvh/pass-bottle-training3-lines.txt;45;57;9;model_first
bvh/pass-bottle-training3-lines.txt;45;57;16;model_first
bvh/pass-bottle-training3-lines.txt;45;57;24;model_first
bvh/pass-bottle-training3-lines.txt;66;78;9;training_first
bvh/pass-bottle-training3-lines.txt;66;78;16;training_first
bvh/pass-bottle-training3-lines.txt;66;78;24;training_first
bvh/pass-bottle-training3-lines.txt;66;78;9;model_first
bvh/pass-bottle-training3-lines.txt;66;78;16;model_first
bvh/pass-bottle-training3-lines.txt;66;78;24;model_first
bvh/pass-bottle-training3-lines.txt;87;99;9;training_first
bvh/pass-bottle-training3-lines.txt;87;99;16;training_first
bvh/pass-bottle-training3-lines.txt;87;99;24;training_first
bvh/pass-bottle-training3-lines.txt;87;99;9;model_first
bvh/pass-bottle-training3-lines.txt;87;99;16;model_first
bvh/pass-bottle-training3-lines.txt;87;99;24;model_first
bvh/pass-bottle-training4-lines.txt;44;56;9;training_first
bvh/pass-bottle-training4-lines.txt;44;56;16;training_first
bvh/pass-bottle-training4-lines.txt;44;56;24;training_first
bvh/pass-bottle-training4-lines.txt;44;56;9;model_first
bvh/pass-bottle-training4-lines.txt;44;56;16;model_first
bvh/pass-bottle-training4-lines.txt;44;56;24;model_first
bvh/pass-bottle-training4-lines.txt;64;76;9;training_first
bvh/pass-bottle-training4-lines.txt;64;76;16;training_first
bvh/pass-bottle-training4-lines.txt;64;76;24;training_first
bvh/pass-bottle-training4-lines.txt;64;76;9;model_first
bvh/pass-bottle-training4-lines.txt;64;76;16;model_first
bvh/pass-bottle-training4-lines.txt;64;76;24;model_first
bvh/pass-bottle-training4-lines.txt;84;96;9;training_first
bvh/pass-bottle-training4-lines.txt;84;96;16;training_first
bvh/pass-bottle-training4-lines.txt;84;96;24;training_first
bvh/pass-bottle-training4-lines.txt;84;96;9;model_first
bvh/pass-bottle-training4-lines.txt;84;96;16;model_first
bvh/pass-bottle-training4-lines.txt;84;96;24;model_first
bvh/return-bottle-training0-lines.txt;19;31;9;training_first
bvh/return-bottle-training0-lines.txt;19;31;16;training_first
bvh/return-bottle-training0-lines.txt;19;31;24;training_first
bvh/return-bottle-training0-lines.txt;19;31;9;model_first
bvh/return-bottle-training0-lines.txt;19;31;16;model_first
bvh/return-bottle-training0-lines.txt;19;31;24;model_first
bvh/return-bottle-training0-lines.txt;48;60;9;training_first
bvh/return-bottle-training0-lines.txt;48;60;16;training_first
bvh/return-bottle-training0-lines.txt;48;60;24;training_first
bvh/return-bottle-training0-lines.txt;48;60;9;model_first
bvh/return-bottle-training0-lines.txt;48;60;16;model_first
bvh/return-bottle-training0-lines.txt;48;60;24;model_first
bvh/return-bottle-training0-lines.txt;77;89;9;training_first
bvh/return-bottle-training0-lines.txt;77;89;16;training_first
bvh/return-bottle-training0-lines.txt;77;89;24;training_first
bvh/return-bottle-training0-lines.txt;77;89;9;model_first
bvh/return-bottle-training0-lines.txt;77;89;16;model_first
bvh/return-bottle-training0-lines.txt;77;89;24;model_first
bvh/return-bottle-training1-lines.txt;28;40;9;training_first
bvh/return-bottle-training1-lines.txt;28;40;16;training_first
bvh/return-bottle-training1-lines.txt;28;40;24;training_first
bvh/return-bottle-training1-lines.txt;28;40;9;model_first
bvh/return-bottle-training1-lines.txt;28;40;16;model_first
bvh/return-bottle-training1-lines.txt;28;40;24;model_first
bvh/return-bottle-training1-lines.txt;53;65;9;training_first
bvh/return-bottle-training1-lines.txt;53;65;16;training_first
bvh/return-bottle-training1-lines.txt;53;65;24;training_first
bvh/return-bottle-training1-lines.txt;53;65;9;model_first
bvh/return-bottle-training1-lines.txt;53;65;16;model_first
bvh/return-bottle-training1-lines.txt;53;65;24;model_first
bvh/return-bottle-training1-lines.txt;79;91;9;training_first
bvh/return-bottle-training1-lines.txt;79;91;16;training_first
bvh/return-bottle-training1-lines.txt;79;91;24;training_first
bvh/return-bottle-training1-lines.txt;79;91;9;model_first
bvh/return-bottle-training1-lines.txt;79;91;16;model_first
bvh/return-bottle-training1-lines.txt;79;91;24;model_first
bvh/return-bottle-training2-lines.txt;29;41;9;training_first
bvh/return-bottle-training2-lines.txt;29;41;16;training_first
bvh/return-bottle-training2-lines.txt;29;41;24;training_first
bvh/return-bottle-training2-lines.txt;29;41;9;model_first
bvh/return-bottle-training2-lines.txt;29;41;16;model_first
bvh/return-bottle-training2-lines.txt;29;41;24;model_first
bvh/return-bottle-training2-lines.txt;60;72;9;training_first
bvh/return-bottle-training2-lines.txt;60;72;16;training_first
bvh/return-bottle-training2-lines.txt;60;72;24;training_first
bvh/return-bottle-training2-lines.txt;60;72;9;model_first
bvh/return-bottle-training2-lines.txt;60;72;16;model_first
bvh/return-bottle-training2-lines.txt;60;72;24;model_first
bvh/return-bottle-training2-lines.txt;92;104;9;training_first
bvh/return-bottle-training2-lines.txt;92;104;16;training_first
bvh/return-bottle-training2-lines.txt;92;104;24;training_first
bvh/return-bottle-training2-lines.txt;92;104;9;model_first
bvh/return-bottle-training2-lines.txt;92;104;16;model_first
bvh/return-bottle-training2-lines.txt;92;104;24;model_first
bvh/return-bottle-training3-lines.txt;27;39;9;training_first
bvh/return-bottle-training3-lines.txt;27;39;16;training_first
bvh/return-bottle-training3-lines.txt;27;39;24;training_first
bvh/return-bottle-training3-lines.txt;27;39;9;model_first
bvh/return-bottle-training3-lines.txt;27;39;16;model_first
bvh/return-bottle-training3-lines.txt;27;39;24;model_first
bvh/return-bottle-training3-lines.txt;53;65;9;training_first
bvh/return-bottle-training3-lines.txt;53;65;16;training_first
bvh/return-bottle-training3-lines.txt;53;65;24;training_first
bvh/return-bottle-training3-lines.txt;53;65;9;model_first
bvh/return-bottle-training3-lines.txt;53;65;16;model_first
bvh/return-bottle-training3-lines.txt;53;65;24;model_first
bvh/return-bottle-training3-lines.txt;79;91;9;training_first
bvh/return-bottle-training3-lines.txt;79;91;16;training_first
bvh/return-bottle-training3-lines.txt;79;91;24;training_first
bvh/return-bottle-training3-lines.txt;79;91;9;model_first
bvh/return-bottle-training3-lines.txt;79;91;16;model_first
bvh/return-bottle-training3-lines.txt;79;91;24;model_first
bvh/return-bottle-training4-lines.txt;38;50;9;training_first
bvh/return-bottle-training4-lines.txt;38;50;16;training_first
bvh/return-bottle-training4-lines.txt;38;50;24;training_first
bvh/return-bottle-training4-lines.txt;38;50;9;model_first
bvh/return-bottle-training4-lines.txt;38;50;16;model_first
bvh/return-bottle-training4-lines.txt;38;50;24;model_first
bvh/return-bottle-training4-lines.txt;59;71;9;training_first
bvh/return-bottle-training4-lines.txt;59;71;16;training_first
bvh/return-bottle-training4-lines.txt;59;71;24;training_first
bvh/return-bottle-training4-lines.txt;59;71;9;model_first
bvh/return-bottle-training4-lines.txt;59;71;16;model_first
bvh/return-bottle-training4-lines.txt;59;71;24;model_first
bvh/return-bottle-training4-lines.txt;81;93;9;training_first
bvh/return-bottle-training4-lines.txt;81;93;16;training_first
bvh/return-bottle-training4-lines.txt;81;93;24;training_first
bvh/return-bottle-training4-lines.txt;81;93;9;model_first
bvh/return-bottle-training4-lines.txt;81;93;16;model_first
bvh/return-bottle-training4-lines.txt;81;93;24;model_first
bvh/return-bottle-hold-training0-lines.txt;46;58;9;training_first
bvh/return-bottle-hold-training0-lines.txt;46;58;16;training_first
bvh/return-bottle-hold-training0-lines.txt;46;58;9;model_first
bvh/return-bottle-hold-training0-lines.txt;46;58;16;model_first
bvh/return-bottle-hold-training0-lines.txt;59;71;9;training_first
bvh/return-bottle-hold-training0-lines.txt;59;71;16;training_first
bvh/return-bottle-hold-training0-lines.txt;59;71;9;model_first
bvh/return-bottle-hold-training0-lines.txt;59;71;16;model_first
bvh/return-bottle-hold-training0-lines.txt;73;85;9;training_first
bvh/return-bottle-hold-training0-lines.txt;73;85;16;training_first
bvh/return-bottle-hold-training0-lines.txt;73;85;9;model_first
bvh/return-bottle-hold-training0-lines.txt;73;85;16;model_first
bvh/return-bottle-hold-training1-lines.txt;15;27;9;training_first
bvh/return-bottle-hold-training1-lines.txt;15;27;16;training_first
bvh/return-bottle-hold-training1-lines.txt;15;27;9;model_first
bvh/return-bottle-hold-training1-lines.txt;15;27;16;model_first
bvh/return-bottle-hold-training1-lines.txt;28;40;9;training_first
bvh/return-bottle-hold-training1-lines.txt;28;40;16;training_first
bvh/return-bottle-hold-training1-lines.txt;28;40;9;model_first
bvh/return-bottle-hold-training1-lines.txt;28;40;16;model_first
bvh/return-bottle-hold-training1-lines.txt;42;54;9;training_first
bvh/return-bottle-hold-training1-lines.txt;42;54;16;training_first
bvh/return-bottle-hold-training1-lines.txt;42;54;9;model_first
bvh/return-bottle-hold-training1-lines.txt;42;54;16;model_first
bvh/return-bottle-hold-training2-lines.txt;20;32;9;training_first
bvh/return-bottle-hold-training2-lines.txt;20;32;16;training_first
bvh/return-bottle-hold-training2-lines.txt;20;32;9;model_first
bvh/return-bottle-hold-training2-lines.txt;20;32;16;model_first
bvh/return-bottle-hold-training2-lines.txt;33;45;9;training_first
bvh/return-bottle-hold-training2-lines.txt;33;45;16;training_first
bvh/return-bottle-hold-training2-lines.txt;33;45;9;model_first
bvh/return-bottle-hold-training2-lines.txt;33;45;16;model_first
bvh/return-bottle-hold-training2-lines.txt;47;59;9;training_first
bvh/return-bottle-hold-training2-lines.txt;47;59;16;training_first
bvh/return-bottle-hold-training2-lines.txt;47;59;9;model_first
bvh/return-bottle-hold-training2-lines.txt;47;59;16;model_first
bvh/return-bottle-hold-training3-lines.txt;16;28;9;training_first
bvh/return-bottle-hold-training3-lines.txt;16;28;16;training_first
bvh/return-bottle-hold-training3-lines.txt;16;28;9;model_first
bvh/return-bottle-hold-training3-lines.txt;16;28;16;model_first
bvh/return-bottle-hold-training3-lines.txt;29;41;9;training_first
bvh/return-bottle-hold-training3-lines.txt;29;41;16;training_first
bvh/return-bottle-hold-training3-lines.txt;29;41;9;model_first
bvh/return-bottle-hold-training3-lines.txt;29;41;16;model_first
bvh/return-bottle-hold-training3-lines.txt;43;55;9;training_first
bvh/return-bottle-hold-training3-lines.txt;43;55;16;training_first
bvh/return-bottle-hold-training3-lines.txt;43;55;9;model_first
bvh/return-bottle-hold-training3-lines.txt;43;55;16;model_first
bvh/return-bottle-hold-training4-lines.txt;16;28;9;training_first
bvh/return-bottle-hold-training4-lines.txt;16;28;16;training_first
bvh/return-bottle-hold-training4-lines.txt;16;28;9;model_first
bvh/return-bottle-hold-training4-lines.txt;16;28;16;model_first
bvh/return-bottle-hold-training4-lines.txt;29;41;9;training_first
bvh/return-bottle-hold-training4-lines.txt;29;41;16;training_first
bvh/return-bottle-hold-training4-lines.txt;29;41;9;model_first
bvh/return-bottle-hold-training4-lines.txt;29;41;16;model_first
bvh/return-bottle-hold-training4-lines.txt;43;55;9;training_first
bvh/return-bottle-hold-training4-lines.txt;43;55;16;training_first
bvh/return-bottle-hold-training4-lines.txt;43;55;9;model_first
bvh/return-bottle-hold-training4-lines.txt;43;55;16;model_first
